{"safezone":{"scale":1,"mesh":"safezone","x":0,"y":0,"z":0,"xdir":0,"ydir":0,"zdir":0},"safezoneTunnelLight":{"scale":1,"mesh":"safezoneTunnelLight","x":0,"y":0,"z":0,"xdir":0,"ydir":0,"zdir":0},"safezoneDoor":{"scale":1,"mesh":"safezoneDoor","x":0,"y":50,"z":0,"xdir":0,"ydir":0,"zdir":0},"safezoneDoorInteract":{"scale":1,"mesh":"interact","x":250,"y":50,"z":0,"xdir":0,"ydir":0,"zdir":0,"data":{"range":100}},"level":{"scale":1,"mesh":"level","x":0,"y":0,"z":0,"xdir":0,"ydir":0,"zdir":0},"stairs":{"scale":1,"mesh":"none","x":0,"y":0,"z":0,"xdir":0,"ydir":0,"zdir":0}}